"INDEX","Target gene name","Ensembl transcript ID","Target sequence"
"1","","ENSCJAT00000096795.1","CAACACTACCTGTGCCATACACACAGGCTGTGTCCCTGCCTATTGGT"
"2","","ENSCJAT00000096795.1","CACACAGGCTGTGTCCCTGCCTATTGGTACTTCTGTGACAATCAAAG"
"3","","ENSCJAT00000096795.1","TATTGGTACTTCTGTGACAATCAAAGGGAAACCTGTCCAACCTTTCT"
"4","","ENSCJAT00000096795.1","ATTGGTACTTCTGTGACAATCAAAGGGAAACCTGTCCAACCTTTCTT"
"5","","ENSCJAT00000096795.1","CTTTCTTCAATGAACCACTGCTACAGGTGGATTTTCACACCGCGATG"
"6","","ENSCJAT00000096795.1","TCTTCAATGAACCACTGCTACAGGTGGATTTTCACACCGCGATGGAT"
"7","","ENSCJAT00000096795.1","TACAGGTGGATTTTCACACCGCGATGGATGAGCTGTCAGACATCGCT"
"8","","ENSCJAT00000096795.1","CGCTTTCCATTTCAAAGTGTACTTTGGCCATTATGTGGCCATGAACA"
"9","","ENSCJAT00000096795.1","TCAAAGTGTACTTTGGCCATTATGTGGCCATGAACAGTCGTGAGAAT"
"10","","ENSCJAT00000096795.1","GTGGCCATGAACAGTCGTGAGAATCGGGTCTGGAAGCAGGAGGTGAA"
"11","","ENSCJAT00000096795.1","TGGCCATGAACAGTCGTGAGAATCGGGTCTGGAAGCAGGAGGTGAAA"
"12","","ENSCJAT00000096795.1","ATGAACAGTCGTGAGAATCGGGTCTGGAAGCAGGAGGTGAAACTCAA"
"13","","ENSCJAT00000096795.1","GTCGTGAGAATCGGGTCTGGAAGCAGGAGGTGAAACTCAACGATATG"
"14","","ENSCJAT00000096795.1","GTGAGAATCGGGTCTGGAAGCAGGAGGTGAAACTCAACGATATGCCC"
"15","","ENSCJAT00000096795.1","TGAAACTCAACGATATGCCCTTTGAGGATGGCAAAGCCTTTGAGCTG"
"16","","ENSCJAT00000096795.1","ACTCAACGATATGCCCTTTGAGGATGGCAAAGCCTTTGAGCTGTGCA"
"17","","ENSCJAT00000096795.1","AAGCCTTTGAGCTGTGCATCTCAGCGGTGAACAATGGGTACCAGGTG"
"18","","ENSCJAT00000096795.1","GCTGTGCATCTCAGCGGTGAACAATGGGTACCAGGTGAGTGCCCAAG"
"19","","ENSCJAT00000096795.1","CTGTGCATCTCAGCGGTGAACAATGGGTACCAGGTGAGTGCCCAAGG"
"20","","ENSCJAT00000096795.1","TCTCAGCGGTGAACAATGGGTACCAGGTGAGTGCCCAAGGAGCTCCC"
"21","","ENSCJAT00000096795.1","CAATGGGTACCAGGTGAGTGCCCAAGGAGCTCCCAGCACCTGGTCTC"
"22","","ENSCJAT00000096795.1","AGTGCCCAAGGAGCTCCCAGCACCTGGTCTCCATGGGCTCCCAGAGC"
"23","","ENSCJAT00000096795.1","GGAGCTCCCAGCACCTGGTCTCCATGGGCTCCCAGAGCAAGAGACAG"
"24","","ENSCJAT00000096795.1","GAGCTCCCAGCACCTGGTCTCCATGGGCTCCCAGAGCAAGAGACAGC"
"25","","ENSCJAT00000096795.1","TCTCCCCGTCCTCCAAGAAACTCTTGGAGCCTATCTCCCATAACTAC"
"26","","ENSCJAT00000096795.1","TCTCAAGCTTTTCCTCACACACAGAGGGGACACTTAACTTTTATAAT"
"27","","ENSCJAT00000096795.1","CTCAAGCTTTTCCTCACACACAGAGGGGACACTTAACTTTTATAATT"
"28","","ENSCJAT00000096795.1","TCAAGCTTTTCCTCACACACAGAGGGGACACTTAACTTTTATAATTT"
"29","","ENSCJAT00000096795.1","TTTTCCTCTCTCAACAAGTGTTGTTGGGTGCACTGCCCTCTGCTTGC"
"30","","ENSCJAT00000096795.1","TTTCCTCTCTCAACAAGTGTTGTTGGGTGCACTGCCCTCTGCTTGCA"
"31","","ENSCJAT00000096795.1","CCACAGCTCCTTCCCAATCTGACCAGGGTCAAGGGTGGCTCACCTAC"
"32","","ENSCJAT00000096795.1","CACAGCTCCTTCCCAATCTGACCAGGGTCAAGGGTGGCTCACCTACC"
"33","","ENSCJAT00000096795.1","TCCTTCCCAATCTGACCAGGGTCAAGGGTGGCTCACCTACCATTTTA"
"34","","ENSCJAT00000096795.1","CCTTCCCAATCTGACCAGGGTCAAGGGTGGCTCACCTACCATTTTAT"
"35","","ENSCJAT00000096795.1","TCCCAATCTGACCAGGGTCAAGGGTGGCTCACCTACCATTTTATCCA"
"36","","ENSCJAT00000096795.1","GTGGCTCACCTACCATTTTATCCATGGTGGAGAATCTCCTCTATCTT"
"37","","ENSCJAT00000096795.1","GCTCACCTACCATTTTATCCATGGTGGAGAATCTCCTCTATCTTCAT"
